canciones,artistas,género,tipo,año lanzamiento
裸足の果実,Alton Ellis,ska,track,2020
A Beautiful Mistake - Demo Version,Goldfinger,ska,track,2020
Jump in the Line,Screeching Weasel,ska,track,2020
Who's That?,The Wailers,ska,track,2020
Haunted,Anti-Flag,ska,track,2020
Let's Start Again,Less Than Jake,ska,track,2020
Can't Hardly Wait - Acoustic Version,Lord Creator,ska,track,2020
Fatlip,Anti-Flag,ska,track,2020
How You Remind Me,Screeching Weasel,ska,track,2020
Trojan Night,MxPx,ska,track,2020
So Jah Say (Dub),Screeching Weasel,ska,track,2020
From Here on In,Goldfinger,ska,track,2020
No Safe Place,Get Dead,ska,track,2020
Devil in the Details,The Lawrence Arms,ska,track,2020
Phosphene,Get Dead,ska,track,2020
Shake a Tail Feather,Goldfinger,ska,track,2020
The First Time That I Did Acid Was the Last Time That I Did Acid,The Bombpops,ska,track,2020
Party on the Dancefloor,Screeching Weasel,ska,track,2020
Cowboy Android Theme!,Get Dead,ska,track,2020
Healthy Body Sick Mind,Anti-Flag,ska,track,2020
Espremedors,The Lawrence Arms,ska,track,2020
Buried Alive,The Aquabats!,ska,track,2020
New Kind of Friend,Get Dead,ska,track,2020
Perro Chico,Goldfinger,ska,track,2020
Just so You Know,Alkaline Trio,ska,track,2020
Manant! Fight!,Call Me Malcolm,ska,track,2020
Don’t Let Me Down,The Wailers,ska,track,2020
Double Crossed - Live,We Are The Union,ska,track,2020
Paramar (En Vivo) - 2019 Remasterizado,Get Dead,ska,track,2020
Billy V. Veronica,The Bombpops,ska,track,2020
What's in a Name - Live,The Menzingers,ska,track,2020
"Ichi, Ni, San, Shi",Less Than Jake,ska,track,2020
Old Town Road,Screeching Weasel,ska,track,2020
Goron City,We Are The Union,ska,track,2020
Soul Rebel (Instrumental),The Suicide Machines,ska,track,2020
No Case,The Bombpops,ska,track,2020
Haffi Flow - Zapada,Panteon Rococo,ska,track,2020
No Authority - Live,NOFX,ska,track,2020
I Wanna Be a Dog,BAD OPERATION,ska,track,2020
Disappearing City,Screeching Weasel,ska,track,2020
Jamaica Ska,BAD OPERATION,ska,track,2020
Gets on Top,Los Cafres,ska,track,2020
What's Going Down?,Tokyo Ska Paradise Orchestra,ska,track,2020
Lúcido - Lo Fi Vershan,"Bad Cop, Bad Cop",ska,track,2020
Bridge over Troubled Squatter,Screeching Weasel,ska,track,2020
Better Living Through Chemistry,Death By Stereo,ska,track,2020
Coffee & Sugar,Goldfinger,ska,track,2020
Diamonds and Gold,Kill Lincoln,ska,track,2020
Sooner,PEARS,ska,track,2020
All My Friends Are Nobodies (Acoustic-Ish),The Menzingers,ska,track,2020
裸足の果実,Kill Lincoln,ska,track,2020
A Beautiful Mistake - Demo Version,Get Dead,ska,track,2020
Jump in the Line,Alkaline Trio,ska,track,2020
Who's That?,Goldfinger,ska,track,2020
Haunted,Bad Religion,ska,track,2020
Let's Start Again,Less Than Jake,ska,track,2020
Can't Hardly Wait - Acoustic Version,Mad Caddies,ska,track,2020
Fatlip,Derrick Morgan,ska,track,2020
How You Remind Me,"Bad Cop, Bad Cop",ska,track,2020
Trojan Night,Screeching Weasel,ska,track,2020
So Jah Say (Dub),The Aquabats!,ska,track,2020
From Here on In,NOFX,ska,track,2020
No Safe Place,The Wailers,ska,track,2020
Devil in the Details,Descendents,ska,track,2020
Phosphene,Less Than Jake,ska,track,2020
Shake a Tail Feather,NOFX,ska,track,2020
The First Time That I Did Acid Was the Last Time That I Did Acid,Bite Me Bambi,ska,track,2020
Party on the Dancefloor,The Menzingers,ska,track,2020
Cowboy Android Theme!,Los Estramboticos,ska,track,2020
Healthy Body Sick Mind,Kill Lincoln,ska,track,2020
Espremedors,The Lawrence Arms,ska,track,2020
Buried Alive,Get Dead,ska,track,2020
New Kind of Friend,The JB Conspiracy,ska,track,2020
Perro Chico,The Aquabats!,ska,track,2020
Just so You Know,The Lawrence Arms,ska,track,2020
Manant! Fight!,The Menzingers,ska,track,2020
Don’t Let Me Down,NOFX,ska,track,2020
Double Crossed - Live,Panteon Rococo,ska,track,2020
Paramar (En Vivo) - 2019 Remasterizado,Get Dead,ska,track,2020
Billy V. Veronica,NOFX,ska,track,2020
What's in a Name - Live,The Bombpops,ska,track,2020
"Ichi, Ni, San, Shi",Screeching Weasel,ska,track,2020
Old Town Road,The Aquabats!,ska,track,2020
Goron City,The Suicide Machines,ska,track,2020
Soul Rebel (Instrumental),Get Dead,ska,track,2020
No Case,The Bombpops,ska,track,2020
Haffi Flow - Zapada,PEARS,ska,track,2020
No Authority - Live,BAD OPERATION,ska,track,2020
I Wanna Be a Dog,The Suicide Machines,ska,track,2020
Disappearing City,The Distillers,ska,track,2020
Jamaica Ska,The Aquabats!,ska,track,2020
Gets on Top,The Lawrence Arms,ska,track,2020
What's Going Down?,Goldfinger,ska,track,2020
Lúcido - Lo Fi Vershan,The Aquabats!,ska,track,2020
Bridge over Troubled Squatter,NOFX,ska,track,2020
Better Living Through Chemistry,Face To Face,ska,track,2020
Coffee & Sugar,Left Alone,ska,track,2020
Diamonds and Gold,Screeching Weasel,ska,track,2020
Sooner,The Menzingers,ska,track,2020
All My Friends Are Nobodies (Acoustic-Ish),NOFX,ska,track,2020
裸足の果実,Los Enanitos Verdes,ska,track,2020
A Beautiful Mistake - Demo Version,Anti-Flag,ska,track,2020
Jump in the Line,Anti-Flag,ska,track,2020
Who's That?,The Menzingers,ska,track,2020
Haunted,Goldfinger,ska,track,2020
Let's Start Again,Goldfinger,ska,track,2020
Can't Hardly Wait - Acoustic Version,Mad Caddies,ska,track,2020
Fatlip,Kill Lincoln,ska,track,2020
How You Remind Me,Anti-Flag,ska,track,2020
Trojan Night,Alkaline Trio,ska,track,2020
So Jah Say (Dub),Screeching Weasel,ska,track,2020
From Here on In,"Bad Cop, Bad Cop",ska,track,2020
No Safe Place,Kill Lincoln,ska,track,2020
Devil in the Details,The Lawrence Arms,ska,track,2020
Phosphene,Screeching Weasel,ska,track,2020
Shake a Tail Feather,Bad Religion,ska,track,2020
The First Time That I Did Acid Was the Last Time That I Did Acid,The Bouncing Souls,ska,track,2020
Party on the Dancefloor,Tokyo Ska Paradise Orchestra,ska,track,2020
Cowboy Android Theme!,"Bad Cop, Bad Cop",ska,track,2020
Healthy Body Sick Mind,BAD OPERATION,ska,track,2020
Espremedors,Inspector,ska,track,2020
Buried Alive,Call Me Malcolm,ska,track,2020
New Kind of Friend,Screeching Weasel,ska,track,2020
Perro Chico,Mest,ska,track,2020
Just so You Know,Screeching Weasel,ska,track,2020
Manant! Fight!,Something To Do,ska,track,2020
Don’t Let Me Down,The Suicide Machines,ska,track,2020
Double Crossed - Live,Masked Intruder,ska,track,2020
Paramar (En Vivo) - 2019 Remasterizado,Kameleba,ska,track,2020
Billy V. Veronica,Riskee & The Ridicule,ska,track,2020
What's in a Name - Live,Screeching Weasel,ska,track,2020
"Ichi, Ni, San, Shi",Faintest Idea,ska,track,2020
Old Town Road,Get Dead,ska,track,2020
Goron City,The Ethiopians,ska,track,2020
Soul Rebel (Instrumental),The Lawrence Arms,ska,track,2020
No Case,The Lawrence Arms,ska,track,2020
Haffi Flow - Zapada,The Menzingers,ska,track,2020
No Authority - Live,Inspector,ska,track,2020
I Wanna Be a Dog,Kill Lincoln,ska,track,2020
Disappearing City,BAD OPERATION,ska,track,2020
Jamaica Ska,BAD OPERATION,ska,track,2020
Gets on Top,The Menzingers,ska,track,2020
What's Going Down?,The Best of the Worst,ska,track,2020
Lúcido - Lo Fi Vershan,The Suicide Machines,ska,track,2020
Bridge over Troubled Squatter,Alpheus,ska,track,2020
Better Living Through Chemistry,Los Cafres,ska,track,2020
Coffee & Sugar,Masked Intruder,ska,track,2020
Diamonds and Gold,Anti-Flag,ska,track,2020
Sooner,Get Dead,ska,track,2020
All My Friends Are Nobodies (Acoustic-Ish),The Menzingers,ska,track,2020
裸足の果実,The Wailers,ska,track,2020
A Beautiful Mistake - Demo Version,Screeching Weasel,ska,track,2020
Jump in the Line,Slick Shoes,ska,track,2020
Who's That?,Kill Lincoln,ska,track,2020
Haunted,Goldfinger,ska,track,2020
Let's Start Again,Call Me Malcolm,ska,track,2020
Can't Hardly Wait - Acoustic Version,La Fúmiga,ska,track,2020
Fatlip,Tokyo Ska Paradise Orchestra,ska,track,2020
How You Remind Me,The Offspring,ska,track,2020
Trojan Night,Screeching Weasel,ska,track,2020
So Jah Say (Dub),Los Abuelos De La Nada,ska,track,2020
From Here on In,Get Dead,ska,track,2020
No Safe Place,The Bombpops,ska,track,2020
Devil in the Details,Goldfinger,ska,track,2020
Phosphene,Anti-Flag,ska,track,2020
Shake a Tail Feather,Goldfinger,ska,track,2020
The First Time That I Did Acid Was the Last Time That I Did Acid,Korol i Shut,ska,track,2020
Party on the Dancefloor,Anti-Flag,ska,track,2020
Cowboy Android Theme!,Screeching Weasel,ska,track,2020
Healthy Body Sick Mind,Screeching Weasel,ska,track,2020
Espremedors,Los Prisioneros,ska,track,2020
Buried Alive,The Menzingers,ska,track,2020
New Kind of Friend,Goldfinger,ska,track,2020
Perro Chico,Rehasher,ska,track,2020
Just so You Know,Kapanga,ska,track,2020
Manant! Fight!,Los Caligaris,ska,track,2020
Don’t Let Me Down,Less Than Jake,ska,track,2020
Double Crossed - Live,Los Enanitos Verdes,ska,track,2020
Paramar (En Vivo) - 2019 Remasterizado,Toots & The Maytals,ska,track,2020
Billy V. Veronica,Alton Ellis,ska,track,2020
What's in a Name - Live,Less Than Jake,ska,track,2020
"Ichi, Ni, San, Shi",Screeching Weasel,ska,track,2020
Old Town Road,The Lawrence Arms,ska,track,2020
Goron City,"Bad Cop, Bad Cop",ska,track,2020
Soul Rebel (Instrumental),Screeching Weasel,ska,track,2020
No Case,Western Standard Time Ska Orchestra,ska,track,2020
Haffi Flow - Zapada,The Players Band,ska,track,2020
No Authority - Live,Masked Intruder,ska,track,2020
I Wanna Be a Dog,The Aquabats!,ska,track,2020
Disappearing City,Kill Lincoln,ska,track,2020
Jamaica Ska,Goldfinger,ska,track,2020
Gets on Top,Masked Intruder,ska,track,2020
What's Going Down?,The Bombpops,ska,track,2020
Lúcido - Lo Fi Vershan,BAD OPERATION,ska,track,2020
Bridge over Troubled Squatter,Victor Rice,ska,track,2020
Better Living Through Chemistry,Goldfinger,ska,track,2020
Coffee & Sugar,Less Than Jake,ska,track,2020
Diamonds and Gold,The Bouncing Souls,ska,track,2020
Sooner,The Lawrence Arms,ska,track,2020
All My Friends Are Nobodies (Acoustic-Ish),Call Me Malcolm,ska,track,2020
裸足の果実,Less Than Jake,ska,track,2020
A Beautiful Mistake - Demo Version,Strike Anywhere,ska,track,2020
Jump in the Line,Los Enanitos Verdes,ska,track,2020
Who's That?,The Bombpops,ska,track,2020
Haunted,Cut Capers,ska,track,2020
Let's Start Again,"Bad Cop, Bad Cop",ska,track,2020
Can't Hardly Wait - Acoustic Version,Anti-Flag,ska,track,2020
Fatlip,Masked Intruder,ska,track,2020
How You Remind Me,BAD OPERATION,ska,track,2020
Trojan Night,Screeching Weasel,ska,track,2020
So Jah Say (Dub),[spunge],ska,track,2020
From Here on In,The Lawrence Arms,ska,track,2020
No Safe Place,We Are The Union,ska,track,2020
Devil in the Details,The Bombpops,ska,track,2020
Phosphene,PEARS,ska,track,2020
Shake a Tail Feather,The Bombpops,ska,track,2020
The First Time That I Did Acid Was the Last Time That I Did Acid,Tokyo Ska Paradise Orchestra,ska,track,2020
Party on the Dancefloor,HEY-SMITH,ska,track,2020
Cowboy Android Theme!,Call Me Malcolm,ska,track,2020
Healthy Body Sick Mind,The Lawrence Arms,ska,track,2020
Espremedors,The Bombpops,ska,track,2020
Buried Alive,The English Beat,ska,track,2020
New Kind of Friend,Desmond Dekker,ska,track,2020
Perro Chico,The Lawrence Arms,ska,track,2020
Just so You Know,Nonpalidece,ska,track,2020
Manant! Fight!,Kill Lincoln,ska,track,2020
Don’t Let Me Down,NOFX,ska,track,2020
Double Crossed - Live,PEARS,ska,track,2020
Paramar (En Vivo) - 2019 Remasterizado,Dope Times,ska,track,2020
Billy V. Veronica,Less Than Jake,ska,track,2020
What's in a Name - Live,The Suicide Machines,ska,track,2020
"Ichi, Ni, San, Shi",MxPx,ska,track,2020
Old Town Road,Alton Ellis,ska,track,2020
Goron City,The Bombpops,ska,track,2020
Soul Rebel (Instrumental),Toots & The Maytals,ska,track,2020
No Case,The Lawrence Arms,ska,track,2020
Haffi Flow - Zapada,Anti-Flag,ska,track,2020
No Authority - Live,Hightime,ska,track,2020
I Wanna Be a Dog,Masked Intruder,ska,track,2020
Disappearing City,The Suicide Machines,ska,track,2020
Jamaica Ska,KLUB,ska,track,2020
Gets on Top,The English Beat,ska,track,2020
What's Going Down?,PEARS,ska,track,2020
Lúcido - Lo Fi Vershan,The Bandulus,ska,track,2020
Bridge over Troubled Squatter,Less Than Jake,ska,track,2020
Better Living Through Chemistry,Just Say Nay,ska,track,2020
Coffee & Sugar,Los Prisioneros,ska,track,2020
Diamonds and Gold,The Aquabats!,ska,track,2020
Sooner,The Bouncing Souls,ska,track,2020
All My Friends Are Nobodies (Acoustic-Ish),The Aquabats!,ska,track,2020
裸足の果実,Less Than Jake,ska,track,2020
A Beautiful Mistake - Demo Version,Screeching Weasel,ska,track,2020
Jump in the Line,PEARS,ska,track,2020
Who's That?,The Vandals,ska,track,2020
Haunted,"Bad Cop, Bad Cop",ska,track,2020
Let's Start Again,Kotardo,ska,track,2020
Can't Hardly Wait - Acoustic Version,Less Than Jake,ska,track,2020
Fatlip,Rico Rodriguez,ska,track,2020
How You Remind Me,Half Past Two,ska,track,2020
Trojan Night,The Wailers,ska,track,2020
So Jah Say (Dub),The Bouncing Souls,ska,track,2020
From Here on In,Alton Ellis,ska,track,2020
No Safe Place,Voodoo Glow Skulls,ska,track,2020
Devil in the Details,Victims of Circumstance,ska,track,2020
Phosphene,The Distillers,ska,track,2020
Shake a Tail Feather,Inspector,ska,track,2020
The First Time That I Did Acid Was the Last Time That I Did Acid,The Aquabats!,ska,track,2020
Party on the Dancefloor,Anti-Flag,ska,track,2020
Cowboy Android Theme!,zebrahead,ska,track,2020
Healthy Body Sick Mind,The Offspring,ska,track,2020
Espremedors,Screeching Weasel,ska,track,2020
Buried Alive,The Bouncing Souls,ska,track,2020
New Kind of Friend,Mest,ska,track,2020
Perro Chico,zebrahead,ska,track,2020
Just so You Know,Chencha Berrinches,ska,track,2020
Manant! Fight!,The Distillers,ska,track,2020
Don’t Let Me Down,Mad Caddies,ska,track,2020
Double Crossed - Live,The Bouncing Souls,ska,track,2020
Paramar (En Vivo) - 2019 Remasterizado,Descendents,ska,track,2020
Billy V. Veronica,Los Enanitos Verdes,ska,track,2020
What's in a Name - Live,La Mosca Tse-Tse,ska,track,2020
"Ichi, Ni, San, Shi",Screeching Weasel,ska,track,2020
Old Town Road,Los Prisioneros,ska,track,2020
Goron City,Mephiskapheles,ska,track,2020
Soul Rebel (Instrumental),Kill Lincoln,ska,track,2020
No Case,Alton Ellis,ska,track,2020
Haffi Flow - Zapada,Inspector,ska,track,2020
No Authority - Live,Strike Anywhere,ska,track,2020
I Wanna Be a Dog,Bad Religion,ska,track,2020
Disappearing City,MxPx,ska,track,2020
Jamaica Ska,Voodoo Glow Skulls,ska,track,2020
Gets on Top,"Bad Cop, Bad Cop",ska,track,2020
What's Going Down?,The Bouncing Souls,ska,track,2020
Lúcido - Lo Fi Vershan,BAD OPERATION,ska,track,2020
Bridge over Troubled Squatter,NOFX,ska,track,2020
Better Living Through Chemistry,Call Me Malcolm,ska,track,2020
Coffee & Sugar,BAD OPERATION,ska,track,2020
Diamonds and Gold,Goldfinger,ska,track,2020
Sooner,"Bad Cop, Bad Cop",ska,track,2020
All My Friends Are Nobodies (Acoustic-Ish),NOFX,ska,track,2020
裸足の果実,Kill Lincoln,ska,track,2020
A Beautiful Mistake - Demo Version,Call Me Malcolm,ska,track,2020
Jump in the Line,Bracket,ska,track,2020
Who's That?,Mest,ska,track,2020
Haunted,Slick Shoes,ska,track,2020
Let's Start Again,The Aggrolites,ska,track,2020
Can't Hardly Wait - Acoustic Version,MxPx,ska,track,2020
Fatlip,The Wailers,ska,track,2020
How You Remind Me,zebrahead,ska,track,2020
Trojan Night,The Suicide Machines,ska,track,2020
So Jah Say (Dub),Derrick Morgan,ska,track,2020
From Here on In,Korol i Shut,ska,track,2020
No Safe Place,The Lawrence Arms,ska,track,2020
Devil in the Details,The Distillers,ska,track,2020
Phosphene,Anti-Flag,ska,track,2020
Shake a Tail Feather,Grey Matter,ska,track,2020
The First Time That I Did Acid Was the Last Time That I Did Acid,Bracket,ska,track,2020
Party on the Dancefloor,The Wailers,ska,track,2020
Cowboy Android Theme!,Kill Lincoln,ska,track,2020
Healthy Body Sick Mind,Kill Lincoln,ska,track,2020
Espremedors,The Lawrence Arms,ska,track,2020
Buried Alive,"Bad Cop, Bad Cop",ska,track,2020
New Kind of Friend,Bersuit Vergarabat,ska,track,2020
Perro Chico,Bersuit Vergarabat,ska,track,2020
Just so You Know,Strike Anywhere,ska,track,2020
Manant! Fight!,The Aggrolites,ska,track,2020
Don’t Let Me Down,MxPx,ska,track,2020
Double Crossed - Live,The Bouncing Souls,ska,track,2020
Paramar (En Vivo) - 2019 Remasterizado,Tokyo Ska Paradise Orchestra,ska,track,2020
Billy V. Veronica,Bite Me Bambi,ska,track,2020
What's in a Name - Live,Chaser,ska,track,2020
"Ichi, Ni, San, Shi",Call Me Malcolm,ska,track,2020
Old Town Road,Call Me Malcolm,ska,track,2020
Goron City,Screeching Weasel,ska,track,2020
Soul Rebel (Instrumental),The Bouncing Souls,ska,track,2020
No Case,Adhesivo,ska,track,2020
Haffi Flow - Zapada,MxPx,ska,track,2020
No Authority - Live,The Steady 45's,ska,track,2020
I Wanna Be a Dog,Masked Intruder,ska,track,2020
Disappearing City,Bracket,ska,track,2020
Jamaica Ska,Masked Intruder,ska,track,2020
Gets on Top,Millie Manders and the Shutup,ska,track,2020
What's Going Down?,Half Past Two,ska,track,2020
Lúcido - Lo Fi Vershan,PEARS,ska,track,2020
Bridge over Troubled Squatter,The Aggrolites,ska,track,2020
Better Living Through Chemistry,Los Auténticos Decadentes,ska,track,2020
Coffee & Sugar,The Bandulus,ska,track,2020
Diamonds and Gold,The Distillers,ska,track,2020
Sooner,The Bouncing Souls,ska,track,2020
All My Friends Are Nobodies (Acoustic-Ish),Western Standard Time Ska Orchestra,ska,track,2020
裸足の果実,Call Me Malcolm,ska,track,2020
A Beautiful Mistake - Demo Version,Call Me Malcolm,ska,track,2020
Jump in the Line,Bersuit Vergarabat,ska,track,2020
Who's That?,Toots & The Maytals,ska,track,2020
Haunted,Bersuit Vergarabat,ska,track,2020
Let's Start Again,The Distillers,ska,track,2020
Can't Hardly Wait - Acoustic Version,Masked Intruder,ska,track,2020
Fatlip,The Holophonics,ska,track,2020
How You Remind Me,The Aquabats!,ska,track,2020
Trojan Night,The English Beat,ska,track,2020
So Jah Say (Dub),The Lawrence Arms,ska,track,2020
From Here on In,Mad Caddies,ska,track,2020
No Safe Place,Juantxo Skalari & La Rude Band,ska,track,2020
Devil in the Details,The Bouncing Souls,ska,track,2020
Phosphene,The Aggrolites,ska,track,2020
Shake a Tail Feather,El Natty Combo,ska,track,2020
The First Time That I Did Acid Was the Last Time That I Did Acid,The Suicide Machines,ska,track,2020
Party on the Dancefloor,Dr. Ring Ding,ska,track,2020
Cowboy Android Theme!,Bersuit Vergarabat,ska,track,2020
Healthy Body Sick Mind,Tokyo Ska Paradise Orchestra,ska,track,2020
Espremedors,Los Prisioneros,ska,track,2020
Buried Alive,The Silvertones,ska,track,2020
New Kind of Friend,Los Abuelos De La Nada,ska,track,2020
Perro Chico,The Wailers,ska,track,2020
Just so You Know,Screeching Weasel,ska,track,2020
Manant! Fight!,Kotardo,ska,track,2020
Don’t Let Me Down,Strike Anywhere,ska,track,2020
Double Crossed - Live,Masked Intruder,ska,track,2020
Paramar (En Vivo) - 2019 Remasterizado,Slick Shoes,ska,track,2020
Billy V. Veronica,"Bad Cop, Bad Cop",ska,track,2020
What's in a Name - Live,Voodoo Glow Skulls,ska,track,2020
"Ichi, Ni, San, Shi",The Suicide Machines,ska,track,2020
Old Town Road,Death By Stereo,ska,track,2020
Goron City,Sekta Core,ska,track,2020
Soul Rebel (Instrumental),Tokyo Ska Paradise Orchestra,ska,track,2020
No Case,Slick Shoes,ska,track,2020
Haffi Flow - Zapada,Omnigone,ska,track,2020
No Authority - Live,Strike Anywhere,ska,track,2020
I Wanna Be a Dog,The Suicide Machines,ska,track,2020
Disappearing City,MxPx,ska,track,2020
Jamaica Ska,The Distillers,ska,track,2020
Gets on Top,Toots & The Maytals,ska,track,2020
What's Going Down?,Swingin' Utters,ska,track,2020
Lúcido - Lo Fi Vershan,Anti-Flag,ska,track,2020
Bridge over Troubled Squatter,The Aquabats!,ska,track,2020
Better Living Through Chemistry,Tsunami Bomb,ska,track,2020
Coffee & Sugar,The Gritty End,ska,track,2020
Diamonds and Gold,Call Me Malcolm,ska,track,2020
Sooner,The Aggrolites,ska,track,2020
All My Friends Are Nobodies (Acoustic-Ish),The Aggrolites,ska,track,2020
裸足の果実,Anti-Flag,ska,track,2020
A Beautiful Mistake - Demo Version,The Aggrolites,ska,track,2020
Jump in the Line,The Skints,ska,track,2020
Who's That?,"Bad Cop, Bad Cop",ska,track,2020
Haunted,Masked Intruder,ska,track,2020
Let's Start Again,The Bombpops,ska,track,2020
Can't Hardly Wait - Acoustic Version,The Aquabats!,ska,track,2020
Fatlip,Anti-Flag,ska,track,2020
How You Remind Me,Goldfinger,ska,track,2020
Trojan Night,The Gritty End,ska,track,2020
So Jah Say (Dub),The Meddlers,ska,track,2020
From Here on In,Maldita Vecindad Y Los Hijos Del 5to. Patio,ska,track,2020
No Safe Place,Balkan Paradise Orchestra,ska,track,2020
Devil in the Details,We Are The Union,ska,track,2020
Phosphene,PEARS,ska,track,2020
Shake a Tail Feather,Masked Intruder,ska,track,2020
The First Time That I Did Acid Was the Last Time That I Did Acid,MxPx,ska,track,2020
Party on the Dancefloor,Los Estramboticos,ska,track,2020
Cowboy Android Theme!,Toots & The Maytals,ska,track,2020
Healthy Body Sick Mind,Los Abuelos De La Nada,ska,track,2020
Espremedors,Alton Ellis,ska,track,2020
Buried Alive,MxPx,ska,track,2020
New Kind of Friend,Mango Wood,ska,track,2020
Perro Chico,"Bad Cop, Bad Cop",ska,track,2020
Just so You Know,Alton Ellis,ska,track,2020
Manant! Fight!,Toots & The Maytals,ska,track,2020
Don’t Let Me Down,Masked Intruder,ska,track,2020
Double Crossed - Live,Strike Anywhere,ska,track,2020
Paramar (En Vivo) - 2019 Remasterizado,Mad Caddies,ska,track,2020
Billy V. Veronica,Face To Face,ska,track,2020
What's in a Name - Live,Grey Matter,ska,track,2020
"Ichi, Ni, San, Shi",Los Enanitos Verdes,ska,track,2020
Old Town Road,Toots & The Maytals,ska,track,2020
Goron City,MxPx,ska,track,2020
Soul Rebel (Instrumental),Sublime,ska,track,2020
No Case,The Aquabats!,ska,track,2020
Haffi Flow - Zapada,Call Me Malcolm,ska,track,2020
No Authority - Live,The Aggrolites,ska,track,2020
I Wanna Be a Dog,MxPx,ska,track,2020
Disappearing City,Crazy Baldhead,ska,track,2020
Jamaica Ska,MxPx,ska,track,2020
Gets on Top,Death By Stereo,ska,track,2020
What's Going Down?,Screeching Weasel,ska,track,2020
Lúcido - Lo Fi Vershan,Screeching Weasel,ska,track,2020
Bridge over Troubled Squatter,Voodoo Glow Skulls,ska,track,2020
Better Living Through Chemistry,The Wailers,ska,track,2020
Coffee & Sugar,Screeching Weasel,ska,track,2020
Diamonds and Gold,Mest,ska,track,2020
Sooner,MxPx,ska,track,2020
All My Friends Are Nobodies (Acoustic-Ish),The Wailers,ska,track,2020
裸足の果実,Begoña Bang-Matu,ska,track,2020
A Beautiful Mistake - Demo Version,The Inevitables,ska,track,2020
Jump in the Line,Call Me Malcolm,ska,track,2020
Who's That?,Slick Shoes,ska,track,2020
Haunted,The Suicide Machines,ska,track,2020
Let's Start Again,Tequila & The Sunrise Gang,ska,track,2020
Can't Hardly Wait - Acoustic Version,Chencha Berrinches,ska,track,2020
Fatlip,MxPx,ska,track,2020
How You Remind Me,The Distillers,ska,track,2020
Trojan Night,The Suicide Machines,ska,track,2020
So Jah Say (Dub),The Suicide Machines,ska,track,2020
From Here on In,The Chinkees,ska,track,2020
No Safe Place,Mephiskapheles,ska,track,2020
Devil in the Details,Death By Stereo,ska,track,2020
Phosphene,PEARS,ska,track,2020
Shake a Tail Feather,Screeching Weasel,ska,track,2020
The First Time That I Did Acid Was the Last Time That I Did Acid,Grey Matter,ska,track,2020
Party on the Dancefloor,Screeching Weasel,ska,track,2020
Cowboy Android Theme!,PEARS,ska,track,2020
Healthy Body Sick Mind,Screeching Weasel,ska,track,2020
Espremedors,Get Dead,ska,track,2020
Buried Alive,zebrahead,ska,track,2020
New Kind of Friend,The Aggrolites,ska,track,2020
Perro Chico,Kotardo,ska,track,2020
Just so You Know,The Wailers,ska,track,2020
Manant! Fight!,Masked Intruder,ska,track,2020
Don’t Let Me Down,Screeching Weasel,ska,track,2020
Double Crossed - Live,The Distillers,ska,track,2020
Paramar (En Vivo) - 2019 Remasterizado,MxPx,ska,track,2020
Billy V. Veronica,The English Beat,ska,track,2020
What's in a Name - Live,Cosmic Shuffling,ska,track,2020
"Ichi, Ni, San, Shi",MxPx,ska,track,2020
Old Town Road,Inspector,ska,track,2020
Goron City,Лампасы,ska,track,2020
Soul Rebel (Instrumental),Half Past Two,ska,track,2020
No Case,The Gritty End,ska,track,2020
Haffi Flow - Zapada,Mad Caddies,ska,track,2020
No Authority - Live,Alton Ellis,ska,track,2020
I Wanna Be a Dog,The Suicide Machines,ska,track,2020
Disappearing City,The Distillers,ska,track,2020
Jamaica Ska,The Steady 45's,ska,track,2020
Gets on Top,Voodoo Glow Skulls,ska,track,2020
What's Going Down?,The Vandals,ska,track,2020
Lúcido - Lo Fi Vershan,Voodoo Glow Skulls,ska,track,2020
Bridge over Troubled Squatter,Death By Stereo,ska,track,2020
Better Living Through Chemistry,MxPx,ska,track,2020
Coffee & Sugar,PEARS,ska,track,2020
Diamonds and Gold,Los Estramboticos,ska,track,2020
Sooner,Korol i Shut,ska,track,2020
All My Friends Are Nobodies (Acoustic-Ish),zebrahead,ska,track,2020
